store_id,total_orders,delivered_orders,returned_orders,cancelled_orders,contribution,rent_for_period,store_pnl,contribution_per_order,return_rate,cancellation_rate,delivery_cost_per_order,net_revenue_per_order
S07,5687,4763,797,127,-202668.46,319200.0,-521868.45999999996,-35.63714788113241,0.14014418850008792,0.022331633550202217,42.11889396870055,499.1388517671883
S03,5564,5001,442,121,79735.03,274400.0,-194664.97,14.33052300503235,0.0794392523364486,0.021746944644140905,41.984241552839684,498.45227713874914
S09,1815,1712,72,31,134691.69,240799.99999999997,-106108.30999999997,74.21029752066116,0.03966942148760331,0.017079889807162536,27.949724517906336,531.2901046831956
S05,4688,4436,150,102,359050.77,253399.99999999997,105650.77000000005,76.58932807167236,0.03199658703071672,0.021757679180887373,27.936077218430036,526.9640891638225
S10,5327,5057,178,92,409561.23,230999.99999999997,178561.23,76.88403041111319,0.03341467993241975,0.017270508729115824,28.06524873287028,527.0729941805894
S01,6091,5772,201,118,459494.7,249199.99999999997,210294.70000000004,75.43830241339681,0.03299950747003776,0.019372845181415202,28.039886718108686,527.9803858151371
S08,5309,5041,162,106,423669.02,204400.0,219269.02000000002,79.80203804859673,0.030514221133923526,0.019966095309851196,28.038798267093618,525.8049839894519
S02,5877,5584,178,115,457583.42,226800.0,230783.41999999998,77.86003403096818,0.030287561681129827,0.019567806704100733,28.02542453632806,531.0146009868981
S04,5622,5333,166,123,444250.81,212800.0,231450.81,79.02006581287797,0.029526858769121308,0.021878335112059766,27.933052294557097,528.2859124866595
S06,6153,5811,210,132,460390.89,221200.0,239190.89,74.82380789858605,0.034129692832764506,0.02145294978059483,27.970344547375262,521.5105558264262
