store_id,cohort_rebuilt,orders,returned_orders,total_return_cost,avg_return_cost,return_rate
S01,False,5973,201,88031.54,437.9678606965174,0.03365143144148669
S02,False,5762,178,78175.03,439.1855617977528,0.030892051371051717
S03,False,3631,138,62898.75,455.7880434782609,0.03800605893693197
S03,True,1812,304,136336.33,448.47476973684206,0.16777041942604856
S04,False,5499,166,69110.82,416.3302409638555,0.030187306783051465
S05,False,4586,150,66055.53,440.3702,0.03270824247710423
S06,False,6021,210,89502.58,426.2027619047619,0.03487792725460887
S07,False,3414,283,134043.56,473.6521554770318,0.08289396602226128
S07,True,2146,514,240450.76,467.80303501945525,0.23951537744641194
S08,False,5203,162,64719.58,399.5035802469136,0.031135883144339804
S09,False,1784,72,30997.52,430.5211111111111,0.04035874439461883
S10,False,5235,178,77892.36,437.59752808988765,0.03400191021967526
