store_id,orders,discounts,contribution,returned_orders,cancelled_orders,contribution_per_order,return_rate_pct,contribution_30_day_equivalent
S01,44,21163.01,-12049.81,1,0,-273.8593181818182,2.272727272727273,-8607.007142857143
S02,48,24519.0,-14925.19,2,0,-310.94145833333334,4.166666666666666,-10660.85
S03,625,183706.83,-131580.42,60,8,-210.52867200000003,9.6,-93986.0142857143
S04,34,15874.789999999999,-8255.58,0,1,-242.81117647058824,0.0,-5896.842857142857
S05,36,17941.12,-12305.73,5,0,-341.8258333333333,13.88888888888889,-8789.807142857142
S06,39,18549.61,-10400.74,2,0,-266.685641025641,5.128205128205128,-7429.1
S07,639,187859.66,-157466.27,99,17,-246.4260876369327,15.492957746478872,-112475.90714285713
S08,32,16164.38,-9540.92,2,0,-298.15375,6.25,-6814.942857142856
S09,6,2885.4,-1566.87,0,0,-261.145,0.0,-1119.192857142857
S10,36,17917.56,-8817.81,0,2,-244.93916666666667,0.0,-6298.435714285714
