sku,product_name,category,units_sold,orders,item_revenue,item_cogs,item_gross_profit,item_margin_pct
SKU0001,Banana Robusta 1kg,FRUITS & VEGETABLES,3775,2576,217402.25,167534.5,49867.75,22.938010071192917
SKU0002,Tomato Hybrid 500g,Fruits & Vegetables,3804,2571,457849.44,353810.04000000004,104039.39999999997,22.72349617813226
SKU0003,Onion 1kg,fruits & vegetables,3759,2583,326318.79000000004,254897.79,71421.00000000003,21.886879391775146
SKU0004,Baby Spinach 250g,Fruits & Vegetables,3739,2556,552923.32,411925.63,140997.68999999994,25.500405734379218
SKU0005,Alphonso Mango 1kg,FRUITS & VEGETABLES,3710,2532,504226.1,368662.7,135563.39999999997,26.88543889338532
SKU0006,Green Capsicum 500g,Fruits & Vegetables,3784,2629,284632.48,220796.4,63836.07999999999,22.42754586546131
SKU0007,Coriander 100g,fruits & vegetables,3996,2694,183136.68,144695.16,38441.51999999999,20.9906174994545
SKU0008,Potato 2kg,Fruits & Vegetables,3710,2567,395040.8,286745.9,108294.89999999997,27.41359879789631
SKU0009,Cucumber 500g,FRUITS & VEGETABLES,3625,2498,520803.74999999994,423980.0,96823.74999999994,18.591215981067716
SKU0010,Lemon 250g,Fruits & Vegetables,3740,2516,559915.4,429314.60000000003,130600.79999999999,23.32509518402244
SKU0011,Full Cream Milk 1L,dairy & eggs,3658,2531,253316.5,202616.62,50699.880000000005,20.014440433213
SKU0012,Toned Milk 500ml,Dairy & Eggs,3802,2588,146415.02,105657.58,40757.43999999999,27.836925473902873
SKU0013,Paneer 200g,DAIRY & EGGS,3558,2442,635494.38,491573.28,143921.09999999998,22.647108224623477
SKU0014,Farm Eggs 6pc,Dairy & Eggs,3683,2562,378207.27,291656.77,86550.5,22.88440938747687
SKU0015,Curd 400g,dairy & eggs,3751,2583,648998.02,520113.66,128884.36000000004,19.85897584094325
SKU0016,Butter 100g,Dairy & Eggs,3770,2595,603426.2,657751.9,-54325.70000000007,-9.002873922279157
SKU0017,Cheese Slices 200g,DAIRY & EGGS,3719,2573,153334.37,111607.19,41727.17999999999,27.213194276012608
SKU0018,Fresh Cream 250ml,Dairy & Eggs,3622,2545,505015.46,393385.42,111630.04000000004,22.10428171842502
SKU0019,Chicken Curry Cut 500g,meat & seafood,3727,2575,674624.27,735337.1000000001,-60712.830000000075,-8.999502789901122
SKU0020,Chicken Breast 450g,Meat & Seafood,3694,2538,448673.24,347199.06,101474.18,22.616499259015313
SKU0021,Rohu Fish 500g,MEAT & SEAFOOD,3626,2495,421377.45999999996,333338.18000000005,88039.27999999991,20.893210567076824
SKU0022,Prawns 250g,Meat & Seafood,3783,2612,407958.72000000003,330482.88,77475.84000000003,18.99109792284867
SKU0023,Mutton Curry Cut 500g,meat & seafood,3785,2591,665781.5,725698.0499999999,-59916.54999999993,-8.999431495167698
SKU0024,Brown Bread 400g,Bakery,3807,2620,202875.03,146950.2,55924.82999999999,27.566147494839548
SKU0025,White Bread 350g,BAKERY,3770,2587,530325.8999999999,430156.99999999994,100168.89999999997,18.888178005260535
SKU0026,Pav 6pc,Bakery,3593,2482,599779.49,491486.47,108293.02000000002,18.055472353681186
SKU0027,Croissant 2pc,bakery,3786,2595,352968.78,275658.66000000003,77310.12,21.90282098037112
SKU0028,Whole Wheat Bun 4pc,Bakery,3805,2619,167762.45,182868.30000000002,-15105.850000000006,-9.00430936720345
SKU0029,Cola 750ml,BEVERAGES,6089,4158,839368.6499999999,569260.61,270108.0399999999,32.17990569459557
SKU0030,Orange Juice 1L,Beverages,5737,3951,199360.75,217317.56000000003,-17956.810000000027,-9.00719424460433
SKU0031,Green Tea 25 bags,beverages,5973,4052,936924.78,572153.67,364771.11,38.93280632411067
SKU0032,Cold Coffee 180ml,Beverages,5872,3997,966237.6000000001,602936.9600000001,363300.64,37.59951382558492
SKU0033,Energy Drink 250ml,BEVERAGES,5815,4114,540678.7000000001,373555.6,167123.1000000001,30.909873090987322
SKU0034,Mineral Water 1L,Beverages,5893,4000,275262.03,191404.63999999998,83857.39000000004,30.464568614857647
SKU0035,Lemon Iced Tea 400ml,beverages,5974,4122,1055605.7999999998,1150592.4,-94986.6000000001,-8.99830220713074
SKU0036,Potato Chips 52g,Snacks & Packaged,5724,3922,686937.24,397703.52,289233.72,42.10482459795017
SKU0037,Instant Noodles 4pk,SNACKS & PACKAGED,5758,3922,629176.66,350547.04000000004,278629.62,44.2847991214423
SKU0038,Digestive Biscuits 250g,Snacks & Packaged,5761,3989,999418.2799999999,585259.99,414158.2899999999,41.43993543924371
SKU0039,Roasted Almonds 200g,snacks & packaged,5990,4045,386055.5,260804.6,125250.9,32.443754848719934
SKU0040,Namkeen Mix 400g,Snacks & Packaged,6079,4192,1034402.64,639510.8,394891.83999999997,38.17583450869769
SKU0041,Dark Chocolate 80g,SNACKS & PACKAGED,5758,3957,493230.27999999997,302295.0,190935.27999999997,38.71118374970814
SKU0042,Popcorn 100g,Snacks & Packaged,5907,4084,555789.63,382182.9,173606.72999999998,31.23605058986077
SKU0043,Dishwash Gel 750ml,household,5838,3992,517013.28,315018.48,201994.80000000005,39.069557362240296
SKU0044,Floor Cleaner 1L,Household,5705,4006,310066.75,206920.35,103146.4,33.265869365225385
SKU0045,Garbage Bags 30pc,HOUSEHOLD,5999,4126,817663.7000000001,487658.71,330004.99000000005,40.359501100513576
SKU0046,Detergent Powder 1kg,Household,5862,4044,335892.6,230317.98,105574.61999999997,31.43106457242582
SKU0047,Toilet Cleaner 500ml,household,5961,4060,375125.73,220795.44,154330.28999999998,41.140950262196085
SKU0048,Room Freshener 220ml,Household,5862,4012,742656.78,450963.66000000003,291693.12,39.27697529402479
SKU0049,Shampoo 340ml,PERSONAL CARE,5814,4011,476224.74,287676.72,188548.02000000002,39.59223538029545
SKU0050,Toothpaste 150g,Personal Care,6018,4138,933451.9800000001,634778.64,298673.3400000001,31.996647540455164
SKU0051,Handwash 200ml,personal care,6066,4138,399992.04,257623.02,142369.02,35.59296329996967
SKU0052,Face Wash 100ml,Personal Care,5954,4073,207199.19999999998,129856.73999999999,77342.45999999999,37.32758620689655
SKU0053,Deodorant 150ml,PERSONAL CARE,5812,3985,946367.9600000001,629730.2,316637.7600000001,33.458207946938536
SKU0054,Shaving Gel 60g,Personal Care,6029,4072,805534.6900000001,498236.56,307298.13000000006,38.14834218995585
