store_id,promo_code,orders,gross_revenue,discount_amount,net_revenue,contribution,returned_orders,cancelled_orders,contribution_per_order,discount_per_order,return_rate_pct
S01,CITY150,24,25035.31,3600.0,21435.31,2256.4500000000003,0,0,94.01875000000001,150.0,0.0
S01,FLAT75,251,181533.11,18825.0,162708.11,15808.289999999999,10,2,62.981235059760955,75.0,3.9840637450199203
S01,FRESH50,44,42326.08,21163.01,21163.07,-12049.81,1,0,-273.8593181818182,480.97749999999996,2.272727272727273
S01,NEW100,132,111649.03,13200.0,98449.03,6134.55,8,4,46.47386363636364,100.0,6.0606060606060606
S01,NO_PROMO,4751,2461449.79,0.0,2461449.79,442815.94,150,98,93.20478636076615,0.0,3.1572300568301412
S01,SAVE20,488,310799.23,62159.88,248639.35,-4352.659999999999,16,8,-8.919385245901637,127.37680327868851,3.278688524590164
S01,WEEKEND15,401,237745.75,35661.88,202083.87,8881.94,16,6,22.149476309226934,88.93236907730673,3.99002493765586
S02,CITY150,23,25204.52,3450.0,21754.52,2172.74,0,0,94.46695652173912,150.0,0.0
S02,FLAT75,270,190180.58,20250.0,169930.58,17052.58,10,6,63.15770370370371,75.0,3.7037037037037033
S02,FRESH50,48,49038.03,24519.0,24519.03,-14925.19,2,0,-310.94145833333334,510.8125,4.166666666666666
S02,NEW100,123,102972.26,12300.0,90672.26,8872.390000000001,3,0,72.13325203252033,100.0,2.4390243902439024
S02,NO_PROMO,4597,2402653.35,0.0,2402653.35,432785.77,141,89,94.14526212747444,0.0,3.067217750706983
S02,SAVE20,421,267660.36,53532.2,214128.16,1451.7800000000007,8,12,3.4484085510688853,127.15486935866983,1.9002375296912115
S02,WEEKEND15,395,231899.85,34784.94,197114.91,10173.35,14,8,25.755316455696203,88.06313924050633,3.5443037974683547
S03,FLAT75,246,142401.59,18408.63,123992.96,1578.1000000000008,17,9,6.415040650406508,74.8318292682927,6.910569105691057
S03,FRESH50,625,367413.46,183706.83,183706.63,-131580.42,60,8,-210.52867200000003,293.930928,9.6
S03,NEW100,133,82502.75,13213.39,69289.36,-819.9400000000006,10,6,-6.164962406015042,99.3487969924812,7.518796992481203
S03,NO_PROMO,3939,2105621.48,0.0,2105621.48,231629.55,301,85,58.80415079969535,0.0,7.641533384107642
S03,SAVE20,338,198283.1,39656.68,158626.42,-13946.6,26,8,-41.26213017751479,117.32745562130178,7.6923076923076925
S03,WEEKEND15,283,155472.45,23320.83,132151.62,-7125.660000000001,28,5,-25.179010600706718,82.4057597173145,9.89399293286219
S04,FLAT75,217,156491.83,16275.0,140216.83,12750.1,10,4,58.75622119815668,75.0,4.6082949308755765
S04,FRESH50,34,31749.649999999998,15874.789999999999,15874.86,-8255.58,0,1,-242.81117647058824,466.9055882352941,0.0
S04,NEW100,109,91231.15,10900.0,80331.15,8185.56,2,4,75.09688073394496,100.0,1.834862385321101
S04,NO_PROMO,4392,2278702.74,0.0,2278702.74,417750.87,125,92,95.11631830601092,0.0,2.8460837887067396
S04,SAVE20,437,277222.74,55444.49,221778.25,461.36000000000035,15,7,1.0557437070938223,126.87526315789474,3.4324942791762014
S04,WEEKEND15,433,274258.31,41138.74,233119.57,13358.499999999998,14,15,30.851039260969973,95.00863741339491,3.233256351039261
S05,FLAT75,211,152023.0,15825.0,136198.0,16197.81,4,7,76.7668720379147,75.0,1.8957345971563981
S05,FRESH50,36,35882.17,17941.12,17941.05,-12305.73,5,0,-341.8258333333333,498.3644444444444,13.88888888888889
S05,NEW100,99,82780.9,9900.0,72880.9,6796.51,2,4,68.65161616161616,100.0,2.0202020202020203
S05,NO_PROMO,3688,1903230.22,0.0,1903230.22,337733.98,119,74,91.57645878524946,0.0,3.226681127982647
S05,SAVE20,335,216334.81,43266.91,173067.9,-254.89000000000033,12,7,-0.760865671641792,129.15495522388062,3.582089552238806
S05,WEEKEND15,319,196575.93,29486.35,167089.58,10883.09,8,10,34.11626959247649,92.43369905956112,2.507836990595611
S06,CITY150,16,17566.88,2400.0,15166.88,-1211.48,3,0,-75.7175,150.0,18.75
S06,FLAT75,267,186543.31,20025.0,166518.31,16695.73,10,3,62.53082397003745,75.0,3.7453183520599254
S06,FRESH50,39,37099.22,18549.61,18549.61,-10400.74,2,0,-266.685641025641,475.63102564102564,5.128205128205128
S06,NEW100,99,80915.68,9900.0,71015.68,5326.460000000001,4,3,53.80262626262627,100.0,4.040404040404041
S06,NO_PROMO,4913,2526775.53,0.0,2526775.53,439627.06,168,100,89.48240586199879,0.0,3.4194992876043147
S06,SAVE20,418,258180.89,51636.21,206544.68,-1958.1900000000005,14,19,-4.684665071770336,123.5316028708134,3.349282296650718
S06,WEEKEND15,401,240333.82,36050.06,204283.76,12312.05,9,7,30.703366583541147,89.90039900249376,2.2443890274314215
S07,FLAT75,241,145762.85,18058.17,127704.68,-18487.68,44,3,-76.71236514522822,74.93016597510373,18.25726141078838
S07,FRESH50,639,375719.4,187859.66,187859.74,-157466.27,99,17,-246.4260876369327,293.99007824726135,15.492957746478872
S07,NEW100,141,85612.27,14100.0,71512.27,-11352.73,24,5,-80.51581560283688,100.0,17.02127659574468
S07,NO_PROMO,4024,2153957.76,0.0,2153957.76,37064.37,538,89,9.210827534791253,0.0,13.369781312127236
S07,SAVE20,357,204576.16,40915.22,163660.94,-32877.5,50,5,-92.093837535014,114.6084593837535,14.005602240896359
S07,WEEKEND15,285,157537.93,23630.67,133907.26,-19548.65,42,8,-68.59175438596492,82.91463157894736,14.736842105263156
S08,FLAT75,245,176284.58,18375.0,157909.58,14136.02,9,5,57.69804081632653,75.0,3.6734693877551026
S08,FRESH50,32,32328.76,16164.38,16164.38,-9540.92,2,0,-298.15375,505.136875,6.25
S08,NEW100,87,72481.21,8700.0,63781.21,7828.48,2,4,89.98252873563217,100.0,2.2988505747126435
S08,NO_PROMO,4195,2170747.32,0.0,2170747.32,402596.27,124,82,95.97050536352802,0.0,2.9558998808104886
S08,SAVE20,381,238937.1,47787.44,191149.66,-203.14000000000007,11,11,-0.5331758530183729,125.42635170603675,2.8871391076115485
S08,WEEKEND15,369,225584.08,33837.57,191746.51,8852.310000000001,14,4,23.990000000000002,91.70073170731708,3.7940379403794036
S09,FLAT75,80,55878.18,6000.0,49878.18,4532.18,4,0,56.65225,75.0,5.0
S09,FRESH50,6,5770.79,2885.4,2885.39,-1566.87,0,0,-261.145,480.90000000000003,0.0
S09,NEW100,40,36546.57,4000.0,32546.57,3075.21,1,0,76.88025,100.0,2.5
S09,NO_PROMO,1415,733925.35,0.0,733925.35,128276.07,55,26,90.65446643109541,0.0,3.8869257950530036
S09,SAVE20,149,96137.8,19227.55,76910.25,-1383.8400000000004,5,2,-9.287516778523493,129.04395973154362,3.3557046979865772
S09,WEEKEND15,125,80171.52,12025.72,68145.8,1758.9399999999996,7,3,14.071519999999996,96.20576,5.6000000000000005
S10,CITY150,23,25382.36,3450.0,21932.36,1658.7999999999997,1,0,72.12173913043478,150.0,4.3478260869565215
S10,FLAT75,245,176489.19,18375.0,158114.19,14043.08,13,4,57.31869387755102,75.0,5.3061224489795915
S10,FRESH50,36,35835.1,17917.56,17917.54,-8817.81,0,2,-244.93916666666667,497.71000000000004,0.0
S10,NEW100,101,82186.77,10100.0,72086.77,6097.23,3,2,60.36861386138614,100.0,2.9702970297029703
S10,NO_PROMO,4153,2144451.45,0.0,2144451.45,389337.67,132,65,93.74853599807368,0.0,3.178425234770046
S10,SAVE20,405,255257.16,51051.32,204205.84,-2468.199999999999,18,9,-6.094320987654318,126.05264197530865,4.444444444444445
S10,WEEKEND15,364,222364.28,33354.590000000004,189009.69,9710.46,11,10,26.67708791208791,91.63348901098902,3.021978021978022
