store_id,total_orders,avg_delivery_minutes,avg_promised_minutes,late_delivery_rate,return_rate,avg_delivery_cost,total_delivery_cost
S01,5973,14.58,15.0,40.36,3.37,28.05,167542.8
S02,5762,14.61,15.0,40.72,3.09,28.02,161430.13
S03,5443,15.95,15.0,62.34,8.12,41.99,228565.37
S04,5499,14.7,15.0,42.1,3.02,27.94,153632.69
S05,4586,14.53,15.0,40.32,3.27,27.94,128116.44
S06,6021,14.61,15.0,41.09,3.49,27.98,168444.42
S07,5560,15.72,15.0,61.87,14.33,42.12,234197.05
S08,5203,14.62,15.0,40.53,3.11,28.04,145881.8
S09,1784,14.57,15.0,40.25,4.04,27.95,49867.4
S10,5235,14.57,15.0,41.26,3.4,28.07,146930.5
